{
    "accuracy": 0.9583333333333334,
    "confusion_matrix": [
        [
            44,
            0,
            0
        ],
        [
            0,
            37,
            3
        ],
        [
            0,
            2,
            34
        ]
    ],
    "classification_report": {
        "0": {
            "precision": 1.0,
            "recall": 1.0,
            "f1-score": 1.0,
            "support": 44.0
        },
        "1": {
            "precision": 0.9487179487179487,
            "recall": 0.925,
            "f1-score": 0.9367088607594937,
            "support": 40.0
        },
        "2": {
            "precision": 0.918918918918919,
            "recall": 0.9444444444444444,
            "f1-score": 0.9315068493150684,
            "support": 36.0
        },
        "accuracy": 0.9583333333333334,
        "macro avg": {
            "precision": 0.9558789558789559,
            "recall": 0.9564814814814815,
            "f1-score": 0.9560719033581874,
            "support": 120.0
        },
        "weighted avg": {
            "precision": 0.9585816585816587,
            "recall": 0.9583333333333334,
            "f1-score": 0.9583550083810184,
            "support": 120.0
        }
    }
}